round,hour,load
0,1,11805.19186
0,2,16693.91804
0,3,19661.85071
0,4,14112.56936
1,1,11260.78771
1,2,17360.92144
1,3,18097.26957
1,4,16022.90049
2,1,12126.19509
2,2,15765.83456
2,3,18704.64957
2,4,14348.07408
3,1,15000
3,2,16200
3,3,18200
3,4,16000
4,1,12200
4,2,16000
4,3,19500
4,4,14000
5,1,15000
5,2,16200
5,3,18200
5,4,16000
6,1,12200
6,2,16000
6,3,19500
6,4,15000
